"The list of PANGEA Sequence Ids in the list below corresponds to the consensus sequences of the HIV pathogen sequences analyzed in Monod et al Nature Microbiology 2023;  https://doi.org/10.1101/2023.03.16.23287351. 

See also https://github.com/MLGlobalHealth/phyloSI-RakaiAgeGender

See also https://doi.org/10.1101/10.5281/zenodo.7741616"

PANGEA Sequence Id
PG-14-UG-326618
PG-14-UG-737563
PG-14-UG-418256
PG-14-UG-164358
PG-14-UG-758546
PG-14-UG-538335
PG-14-UG-586806
PG-14-UG-068764
PG-14-UG-300051
PG-14-UG-526526
PG-14-UG-506851
PG-14-UG-576020
PG-14-UG-335828
PG-14-UG-764164
PG-14-UG-225688
PG-14-UG-646174
PG-14-UG-688812
PG-14-UG-867182
PG-14-UG-340632
PG-14-UG-368372
PG-14-UG-642537
PG-14-UG-688858
PG-14-UG-765368
PG-14-UG-450048
PG-14-UG-551805
PG-14-UG-063205
PG-14-UG-856056
PG-14-UG-443570
PG-14-UG-268572
PG-14-UG-382166
PG-13-UG-401182
PG-14-UG-056205
PG-14-UG-034526
PG-14-UG-814735
PG-14-UG-212048
PG-14-UG-187426
PG-14-UG-508506
PG-14-UG-534624
PG-14-UG-670804
PG-14-UG-111537
PG-14-UG-236506
PG-14-UG-828583
PG-14-UG-257742
PG-13-UG-471611
PG-13-UG-583231
PG-13-UG-676648
PG-13-UG-514047
PG-13-UG-228725
PG-13-UG-358438
PG-13-UG-815885
PG-13-UG-588268
PG-13-UG-736458
PG-13-UG-258034
PG-13-UG-884571
PG-13-UG-506703
PG-13-UG-400610
PG-13-UG-732340
PG-13-UG-344378
PG-13-UG-534188
PG-13-UG-637148
PG-13-UG-830212
PG-13-UG-282605
PG-13-UG-067083
PG-13-UG-867417
PG-13-UG-178486
PG-13-UG-522241
PG-13-UG-661267
PG-13-UG-842431
PG-13-UG-372801
PG-13-UG-708257
PG-13-UG-686675
PG-13-UG-624483
PG-13-UG-766586
PG-13-UG-581324
PG-13-UG-044327
PG-13-UG-083106
PG-13-UG-122570
PG-13-UG-802848
PG-13-UG-740527
PG-13-UG-084162
PG-13-UG-077541
PG-13-UG-223057
PG-13-UG-435857
PG-13-UG-077021
PG-13-UG-003112
PG-13-UG-122335
PG-13-UG-620233
PG-13-UG-773214
PG-13-UG-530300
PG-14-UG-753145
PG-14-UG-833774
PG-14-UG-683024
PG-14-UG-205075
PG-14-UG-170802
PG-14-UG-043224
PG-14-UG-530741
PG-14-UG-358813
PG-14-UG-543580
PG-14-UG-158754
PG-14-UG-718102
PG-14-UG-648778
PG-14-UG-428324
PG-14-UG-001107
PG-14-UG-403421
PG-14-UG-338218
PG-14-UG-573784
PG-14-UG-743172
PG-14-UG-220666
PG-14-UG-358818
PG-14-UG-468135
PG-14-UG-466585
PG-14-UG-754252
PG-14-UG-245275
PG-14-UG-366311
PG-14-UG-668206
PG-14-UG-702571
PG-14-UG-452860
PG-14-UG-872602
PG-14-UG-530322
PG-14-UG-640627
PG-14-UG-012126
PG-13-UG-007558
PG-13-UG-746143
PG-13-UG-738583
PG-13-UG-414311
PG-13-UG-651548
PG-13-UG-622625
PG-13-UG-224117
PG-13-UG-080344
PG-13-UG-804171
PG-13-UG-026072
PG-13-UG-383080
PG-13-UG-555452
PG-13-UG-411543
PG-13-UG-307243
PG-13-UG-658137
PG-13-UG-352516
PG-13-UG-187811
PG-13-UG-143606
PG-13-UG-466251
PG-13-UG-586321
PG-13-UG-135832
PG-13-UG-214724
PG-13-UG-287886
PG-13-UG-222714
PG-13-UG-808425
PG-13-UG-526228
PG-13-UG-367374
PG-13-UG-387703
PG-13-UG-852564
PG-13-UG-743163
PG-14-UG-258406
PG-14-UG-628584
PG-14-UG-215642
PG-14-UG-032222
PG-14-UG-685873
PG-14-UG-822188
PG-14-UG-541612
PG-14-UG-783357
PG-14-UG-575313
PG-14-UG-544344
PG-14-UG-375627
PG-14-UG-548188
PG-14-UG-256405
PG-14-UG-148737
PG-14-UG-181281
PG-14-UG-701627
PG-14-UG-308521
PG-14-UG-061274
PG-12-UG-768370
PG-12-UG-776352
PG-12-UG-384424
PG-12-UG-545446
PG-12-UG-132034
PG-12-UG-252528
PG-12-UG-301516
PG-12-UG-652776
PG-12-UG-017368
PG-12-UG-584503
PG-12-UG-003416
PG-12-UG-104231
PG-12-UG-402273
PG-12-UG-812158
PG-12-UG-733482
PG-12-UG-266661
PG-12-UG-051384
PG-12-UG-325028
PG-12-UG-174808
PG-12-UG-382153
PG-12-UG-674165
PG-12-UG-363751
PG-12-UG-314434
PG-12-UG-736657
PG-12-UG-360732
PG-12-UG-332674
PG-12-UG-042538
PG-12-UG-252185
PG-12-UG-231080
PG-12-UG-507857
PG-12-UG-841835
PG-12-UG-880177
PG-12-UG-761386
PG-13-UG-826650
PG-13-UG-661537
PG-13-UG-706077
PG-13-UG-742255
PG-13-UG-018226
PG-13-UG-543747
PG-13-UG-436364
PG-13-UG-741002
PG-11-UG-487806
PG-11-UG-846002
PG-11-UG-803866
PG-11-UG-853167
PG-11-UG-227867
PG-11-UG-880463
PG-11-UG-654648
PG-11-UG-248718
PG-11-UG-106741
PG-11-UG-100234
PG-11-UG-038717
PG-11-UG-522455
PG-11-UG-333870
PG-11-UG-476566
PG-11-UG-125480
PG-11-UG-608013
PG-11-UG-400171
PG-11-UG-546047
PG-11-UG-141601
PG-11-UG-737555
PG-11-UG-784325
PG-11-UG-071626
PG-11-UG-705451
PG-11-UG-833845
PG-11-UG-576126
PG-11-UG-842256
PG-11-UG-674613
PG-11-UG-513626
PG-11-UG-335822
PG-11-UG-645471
PG-11-UG-286351
PG-11-UG-666134
PG-11-UG-868467
PG-11-UG-117573
PG-11-UG-785501
PG-11-UG-673432
PG-11-UG-843712
PG-11-UG-884288
PG-11-UG-826101
PG-11-UG-520870
PG-11-UG-242871
PG-11-UG-685168
PG-11-UG-051066
PG-11-UG-320165
PG-11-UG-675524
PG-11-UG-041348
PG-11-UG-738262
PG-11-UG-601488
PG-11-UG-738052
PG-11-UG-200187
PG-11-UG-561843
PG-11-UG-684317
PG-11-UG-507421
PG-11-UG-853864
PG-11-UG-406036
PG-11-UG-244135
PG-11-UG-114000
PG-11-UG-422877
PG-11-UG-767725
PG-11-UG-803111
PG-11-UG-133021
PG-11-UG-316483
PG-11-UG-681455
PG-11-UG-831040
PG-11-UG-420554
PG-11-UG-202065
PG-11-UG-286801
PG-11-UG-470385
PG-11-UG-120785
PG-11-UG-035101
PG-11-UG-132871
PG-11-UG-516835
PG-11-UG-336614
PG-11-UG-665603
PG-11-UG-522730
PG-11-UG-473054
PG-11-UG-481550
PG-11-UG-822781
PG-11-UG-811836
PG-11-UG-545848
PG-11-UG-630541
PG-11-UG-431277
PG-11-UG-073018
PG-11-UG-180573
PG-11-UG-635845
PG-11-UG-726271
PG-11-UG-138638
PG-11-UG-656247
PG-11-UG-578768
PG-11-UG-506047
PG-11-UG-553563
PG-11-UG-370014
PG-11-UG-484256
PG-11-UG-633234
PG-11-UG-251050
PG-11-UG-018020
PG-11-UG-266282
PG-11-UG-616323
PG-11-UG-240154
PG-11-UG-223521
PG-11-UG-783717
PG-11-UG-013610
PG-11-UG-243416
PG-11-UG-400180
PG-11-UG-570052
PG-11-UG-167624
PG-11-UG-516385
PG-11-UG-664164
PG-11-UG-680116
PG-11-UG-465430
PG-11-UG-483485
PG-11-UG-303367
PG-11-UG-786772
PG-11-UG-140063
PG-11-UG-750477
PG-11-UG-176652
PG-11-UG-023604
PG-11-UG-580632
PG-11-UG-540547
PG-11-UG-875844
PG-11-UG-131581
PG-11-UG-237827
PG-11-UG-820872
PG-11-UG-372561
PG-11-UG-511785
PG-11-UG-308135
PG-11-UG-700630
PG-11-UG-841601
PG-11-UG-877660
PG-11-UG-423781
PG-11-UG-535836
PG-11-UG-513575
PG-11-UG-807660
PG-11-UG-130707
PG-11-UG-347324
PG-11-UG-451323
PG-11-UG-781084
PG-11-UG-333003
PG-11-UG-773200
PG-11-UG-478403
PG-11-UG-542477
PG-11-UG-642187
PG-11-UG-356046
PG-11-UG-231742
PG-11-UG-072661
PG-11-UG-670186
PG-11-UG-437486
PG-11-UG-767184
PG-11-UG-545414
PG-11-UG-548652
PG-11-UG-241015
PG-11-UG-484007
PG-11-UG-251705
PG-11-UG-616161
PG-11-UG-308787
PG-11-UG-656040
PG-11-UG-738222
PG-11-UG-048218
PG-11-UG-303613
PG-11-UG-437886
PG-11-UG-450460
PG-11-UG-867821
PG-11-UG-316712
PG-11-UG-072620
PG-11-UG-635012
PG-11-UG-274244
PG-11-UG-843036
PG-11-UG-045250
PG-11-UG-761007
PG-11-UG-587232
PG-11-UG-270555
PG-11-UG-238544
PG-11-UG-608582
PG-11-UG-526363
PG-11-UG-017545
PG-11-UG-886402
PG-11-UG-325643
PG-11-UG-346318
PG-11-UG-871746
PG-11-UG-824312
PG-11-UG-457131
PG-11-UG-441182
PG-11-UG-837852
PG-11-UG-187854
PG-11-UG-284172
PG-11-UG-364550
PG-11-UG-637274
PG-11-UG-676167
PG-11-UG-077260
PG-11-UG-585704
PG-11-UG-806738
PG-11-UG-436641
PG-11-UG-860237
PG-11-UG-870374
PG-11-UG-817678
PG-11-UG-242516
PG-11-UG-168848
PG-11-UG-203682
PG-11-UG-728712
PG-11-UG-642651
PG-11-UG-647087
PG-11-UG-440526
PG-11-UG-884322
PG-11-UG-418644
PG-11-UG-437243
PG-11-UG-827245
PG-11-UG-684742
PG-11-UG-332003
PG-11-UG-571683
PG-11-UG-418003
PG-11-UG-362167
PG-11-UG-887383
PG-11-UG-211867
PG-11-UG-387226
PG-11-UG-213468
PG-11-UG-163218
PG-11-UG-263333
PG-11-UG-235371
PG-11-UG-224538
PG-11-UG-457270
PG-11-UG-807755
PG-11-UG-876318
PG-11-UG-165270
PG-11-UG-772532
PG-11-UG-888150
PG-11-UG-206822
PG-11-UG-354476
PG-11-UG-788846
PG-11-UG-715644
PG-11-UG-188825
PG-11-UG-724755
PG-11-UG-252687
PG-11-UG-451536
PG-11-UG-786213
PG-11-UG-030132
PG-11-UG-846641
PG-11-UG-053450
PG-11-UG-467245
PG-11-UG-205371
PG-11-UG-018317
PG-11-UG-472801
PG-11-UG-073718
PG-11-UG-768243
PG-11-UG-210676
PG-11-UG-827283
PG-11-UG-087082
PG-11-UG-851362
PG-11-UG-772426
PG-11-UG-837475
PG-11-UG-661325
PG-11-UG-601233
PG-11-UG-423676
PG-11-UG-025846
PG-11-UG-334445
PG-11-UG-585655
PG-11-UG-513568
PG-11-UG-273730
PG-11-UG-456720
PG-11-UG-175480
PG-11-UG-512104
PG-11-UG-112854
PG-11-UG-075025
PG-11-UG-816353
PG-12-UG-680204
PG-12-UG-884101
PG-12-UG-300005
PG-12-UG-861725
PG-12-UG-552788
PG-12-UG-030346
PG-12-UG-653382
PG-12-UG-321450
PG-12-UG-347041
PG-12-UG-026420
PG-12-UG-232107
PG-12-UG-657762
PG-12-UG-352788
PG-12-UG-676364
PG-12-UG-017643
PG-12-UG-074744
PG-12-UG-711265
PG-12-UG-411855
PG-12-UG-327107
PG-12-UG-163722
PG-12-UG-846544
PG-12-UG-264522
PG-12-UG-382046
PG-12-UG-374165
PG-12-UG-654238
PG-12-UG-268536
PG-12-UG-476415
PG-12-UG-800675
PG-12-UG-048748
PG-12-UG-688880
PG-12-UG-053333
PG-12-UG-414176
PG-12-UG-234482
PG-12-UG-888277
PG-12-UG-486221
PG-12-UG-650158
PG-12-UG-554687
PG-12-UG-613560
PG-12-UG-370444
PG-12-UG-445833
PG-12-UG-575427
PG-12-UG-326438
PG-12-UG-225452
PG-12-UG-771723
PG-12-UG-307821
PG-12-UG-180635
PG-12-UG-741240
PG-12-UG-867534
PG-12-UG-200726
PG-12-UG-404510
PG-12-UG-587381
PG-12-UG-207057
PG-12-UG-288817
PG-12-UG-682857
PG-12-UG-435223
PG-12-UG-658401
PG-12-UG-071787
PG-12-UG-186340
PG-12-UG-443365
PG-12-UG-845858
PG-12-UG-856814
PG-12-UG-163532
PG-12-UG-440827
PG-12-UG-787433
PG-12-UG-147430
PG-12-UG-658326
PG-12-UG-448160
PG-12-UG-656731
PG-12-UG-480537
PG-12-UG-126685
PG-12-UG-251042
PG-12-UG-336445
PG-12-UG-128412
PG-12-UG-361072
PG-12-UG-357201
PG-12-UG-064881
PG-12-UG-745057
PG-12-UG-382064
PG-12-UG-525721
PG-12-UG-464534
PG-12-UG-446118
PG-12-UG-132341
PG-12-UG-877384
PG-12-UG-777325
PG-12-UG-521618
PG-12-UG-317757
PG-12-UG-000358
PG-12-UG-322812
PG-12-UG-442224
PG-12-UG-785321
PG-12-UG-144766
PG-12-UG-081736
PG-12-UG-154224
PG-12-UG-412363
PG-12-UG-210708
PG-12-UG-163637
PG-12-UG-835575
PG-12-UG-211416
PG-12-UG-218248
PG-12-UG-136457
PG-12-UG-783418
PG-12-UG-272603
PG-12-UG-858073
PG-12-UG-150363
PG-12-UG-235143
PG-12-UG-762807
PG-12-UG-647665
PG-12-UG-085780
PG-12-UG-463070
PG-12-UG-305230
PG-12-UG-736102
PG-12-UG-565351
PG-12-UG-042238
PG-12-UG-611605
PG-12-UG-773180
PG-12-UG-201063
PG-12-UG-667552
PG-12-UG-133008
PG-12-UG-708338
PG-12-UG-206550
PG-12-UG-316135
PG-12-UG-270686
PG-12-UG-388103
PG-12-UG-432662
PG-12-UG-736008
PG-12-UG-204311
PG-12-UG-743576
PG-12-UG-410686
PG-12-UG-523313
PG-12-UG-764746
PG-12-UG-747773
PG-12-UG-664118
PG-12-UG-208833
PG-12-UG-152050
PG-12-UG-443376
PG-12-UG-775558
PG-12-UG-723160
PG-12-UG-266856
PG-12-UG-122337
PG-12-UG-421010
PG-12-UG-345682
PG-12-UG-171422
PG-12-UG-707428
PG-12-UG-453352
PG-12-UG-834522
PG-12-UG-331005
PG-12-UG-514733
PG-12-UG-108185
PG-12-UG-752023
PG-12-UG-486217
PG-12-UG-313542
PG-12-UG-662863
PG-12-UG-524025
PG-12-UG-071241
PG-12-UG-568437
PG-12-UG-122608
PG-12-UG-166366
PG-12-UG-578586
PG-12-UG-247522
PG-12-UG-748043
PG-12-UG-443202
PG-12-UG-167328
PG-12-UG-876230
PG-12-UG-816636
PG-12-UG-820232
PG-12-UG-218218
PG-12-UG-270403
PG-12-UG-578105
PG-12-UG-560872
PG-12-UG-572643
PG-12-UG-161558
PG-12-UG-100854
PG-12-UG-863133
PG-12-UG-454785
PG-12-UG-684471
PG-12-UG-248132
PG-12-UG-684015
PG-12-UG-542774
PG-12-UG-633753
PG-12-UG-651157
PG-12-UG-556880
PG-12-UG-817547
PG-12-UG-711373
PG-12-UG-346182
PG-12-UG-745544
PG-12-UG-346104
PG-12-UG-216582
PG-12-UG-663471
PG-12-UG-331748
PG-12-UG-014124
PG-12-UG-637558
PG-12-UG-126508
PG-12-UG-673068
PG-12-UG-367473
PG-12-UG-165063
PG-12-UG-180386
PG-12-UG-416285
PG-12-UG-430277
PG-12-UG-560088
PG-12-UG-267811
PG-12-UG-884458
PG-12-UG-317303
PG-12-UG-831862
PG-12-UG-604730
PG-12-UG-465885
PG-12-UG-341588
PG-12-UG-078031
PG-12-UG-172678
PG-12-UG-224235
PG-12-UG-828060
PG-12-UG-073576
PG-12-UG-847683
PG-12-UG-766307
PG-12-UG-332057
PG-12-UG-077200
PG-12-UG-628243
PG-12-UG-416833
PG-12-UG-507828
PG-12-UG-766368
PG-12-UG-310358
PG-12-UG-316786
PG-12-UG-328776
PG-12-UG-514724
PG-12-UG-242443
PG-12-UG-274313
PG-12-UG-552768
PG-12-UG-865862
PG-12-UG-474832
PG-12-UG-438805
PG-12-UG-611687
PG-12-UG-176066
PG-12-UG-754122
PG-12-UG-167030
PG-12-UG-377252
PG-12-UG-615362
PG-12-UG-181588
PG-12-UG-003275
PG-12-UG-386114
PG-12-UG-376474
PG-12-UG-165012
PG-12-UG-418321
PG-12-UG-747567
PG-12-UG-158564
PG-12-UG-212257
PG-12-UG-550526
PG-12-UG-483548
PG-12-UG-722340
PG-12-UG-534288
PG-12-UG-114833
PG-12-UG-737813
PG-12-UG-243588
PG-12-UG-750724
PG-12-UG-651288
PG-12-UG-807605
PG-12-UG-144810
PG-12-UG-185831
PG-12-UG-175766
PG-12-UG-381521
PG-12-UG-837355
PG-12-UG-614846
PG-12-UG-044108
PG-12-UG-168507
PG-12-UG-341874
PG-12-UG-113617
PG-12-UG-457122
PG-12-UG-070834
PG-12-UG-633156
PG-12-UG-318551
PG-12-UG-806002
PG-12-UG-310270
PG-12-UG-284435
PG-12-UG-514014
PG-12-UG-751404
PG-12-UG-822746
PG-12-UG-674217
PG-12-UG-060331
PG-12-UG-253206
PG-12-UG-024507
PG-12-UG-867337
PG-12-UG-517736
PG-12-UG-462387
PG-12-UG-160572
PG-12-UG-783303
PG-12-UG-301530
PG-12-UG-860468
PG-12-UG-874146
PG-12-UG-586513
PG-12-UG-204505
PG-12-UG-243506
PG-12-UG-702261
PG-12-UG-450037
PG-12-UG-457157
PG-12-UG-734346
PG-12-UG-204056
PG-12-UG-141717
PG-12-UG-802074
PG-12-UG-575438
PG-12-UG-161361
PG-12-UG-135137
PG-12-UG-332141
PG-12-UG-264206
PG-12-UG-181711
PG-12-UG-262777
PG-12-UG-243357
PG-12-UG-175376
PG-12-UG-164435
PG-12-UG-807057
PG-12-UG-282556
PG-12-UG-455532
PG-12-UG-153184
PG-12-UG-761178
PG-12-UG-250303
PG-12-UG-745831
PG-12-UG-012237
PG-12-UG-724487
PG-12-UG-805162
PG-12-UG-408280
PG-12-UG-663601
PG-12-UG-482201
PG-12-UG-313668
PG-12-UG-753184
PG-12-UG-008773
PG-12-UG-225116
PG-12-UG-573507
PG-12-UG-628320
PG-12-UG-303081
PG-12-UG-776356
PG-12-UG-818275
PG-12-UG-456237
PG-12-UG-644622
PG-12-UG-634050
PG-12-UG-845854
PG-12-UG-074205
PG-12-UG-821016
PG-12-UG-065034
PG-12-UG-181583
PG-12-UG-686655
PG-12-UG-107788
PG-12-UG-143877
PG-12-UG-428734
PG-12-UG-418583
PG-12-UG-188470
PG-12-UG-053257
PG-12-UG-127236
PG-12-UG-045738
PG-12-UG-588445
PG-12-UG-440248
PG-12-UG-802265
PG-12-UG-078376
PG-12-UG-878361
PG-12-UG-184057
PG-12-UG-523700
PG-12-UG-313636
PG-12-UG-080050
PG-12-UG-834027
PG-12-UG-366767
PG-12-UG-662380
PG-12-UG-761046
PG-12-UG-714181
PG-12-UG-463522
PG-12-UG-726828
PG-12-UG-672831
PG-12-UG-374414
PG-12-UG-788276
PG-12-UG-078708
PG-12-UG-230205
PG-12-UG-451306
PG-12-UG-181012
PG-12-UG-082152
PG-12-UG-437077
PG-12-UG-202853
PG-12-UG-231121
PG-12-UG-368221
PG-12-UG-377400
PG-12-UG-475888
PG-12-UG-445576
PG-12-UG-830447
PG-12-UG-886687
PG-12-UG-263611
PG-12-UG-712267
PG-12-UG-337355
PG-12-UG-054153
PG-12-UG-260008
PG-12-UG-531822
PG-12-UG-766523
PG-12-UG-003503
PG-12-UG-385205
PG-12-UG-531075
PG-12-UG-656225
PG-12-UG-301772
PG-12-UG-757125
PG-12-UG-008510
PG-12-UG-370285
PG-12-UG-445627
PG-12-UG-674570
PG-12-UG-117377
PG-12-UG-615453
PG-12-UG-673670
PG-12-UG-583744
PG-12-UG-281330
PG-12-UG-387788
PG-12-UG-740348
PG-12-UG-445040
PG-12-UG-646651
PG-12-UG-237366
PG-12-UG-457061
PG-12-UG-134566
PG-12-UG-706202
PG-12-UG-370000
PG-12-UG-230062
PG-12-UG-184414
PG-12-UG-742288
PG-12-UG-034026
PG-12-UG-837054
PG-12-UG-571344
PG-12-UG-427400
PG-12-UG-274472
PG-12-UG-854838
PG-12-UG-657866
PG-12-UG-824810
PG-12-UG-708384
PG-12-UG-076405
PG-13-UG-134578
PG-13-UG-187708
PG-13-UG-060325
PG-13-UG-602072
PG-13-UG-126662
PG-13-UG-847384
PG-13-UG-516888
PG-13-UG-753018
PG-13-UG-428124
PG-13-UG-566063
PG-13-UG-086505
PG-13-UG-205386
PG-13-UG-614231
PG-13-UG-856414
PG-13-UG-776731
PG-13-UG-668254
PG-13-UG-868118
PG-13-UG-005532
PG-13-UG-332058
PG-13-UG-384101
PG-13-UG-171061
PG-13-UG-247401
PG-13-UG-341822
PG-13-UG-175524
PG-13-UG-854472
PG-13-UG-854443
PG-13-UG-274117
PG-13-UG-043372
PG-13-UG-188054
PG-13-UG-672141
PG-13-UG-520166
PG-13-UG-606435
PG-13-UG-601351
PG-13-UG-318651
PG-13-UG-717443
PG-13-UG-701460
PG-13-UG-748421
PG-13-UG-875775
PG-13-UG-538447
PG-13-UG-776377
PG-13-UG-136058
PG-13-UG-072281
PG-13-UG-416472
PG-13-UG-245530
PG-13-UG-056430
PG-13-UG-300605
PG-13-UG-628554
PG-13-UG-071440
PG-13-UG-202575
PG-13-UG-480333
PG-13-UG-411862
PG-13-UG-478768
PG-13-UG-142330
PG-13-UG-250256
PG-13-UG-402160
PG-13-UG-777470
PG-13-UG-163002
PG-13-UG-150373
PG-13-UG-031416
PG-13-UG-745017
PG-13-UG-160167
PG-13-UG-214250
PG-13-UG-685371
PG-13-UG-465704
PG-13-UG-278821
PG-13-UG-741127
PG-13-UG-314211
PG-13-UG-337457
PG-13-UG-347275
PG-13-UG-145803
PG-13-UG-644503
PG-13-UG-530251
PG-13-UG-310574
PG-13-UG-827166
PG-13-UG-028112
PG-13-UG-560647
PG-13-UG-813466
PG-13-UG-888641
PG-13-UG-487321
PG-13-UG-275715
PG-13-UG-403288
PG-13-UG-757561
PG-13-UG-013214
PG-13-UG-305555
PG-13-UG-251302
PG-13-UG-232520
PG-13-UG-806868
PG-13-UG-537446
PG-13-UG-882208
PG-13-UG-834483
PG-13-UG-557064
PG-13-UG-575425
PG-13-UG-770631
PG-13-UG-884345
PG-13-UG-515461
PG-13-UG-318157
PG-13-UG-301556
PG-13-UG-255414
PG-13-UG-535406
PG-13-UG-081570
PG-13-UG-747235
PG-13-UG-713821
PG-13-UG-713800
PG-13-UG-264383
PG-13-UG-676846
PG-13-UG-143708
PG-13-UG-802345
PG-13-UG-363140
PG-13-UG-378161
PG-13-UG-718050
PG-13-UG-158107
PG-13-UG-418208
PG-13-UG-606482
PG-13-UG-675411
PG-13-UG-800556
PG-13-UG-823705
PG-13-UG-020364
PG-13-UG-478554
PG-13-UG-363452
PG-13-UG-486332
PG-13-UG-408510
PG-13-UG-775217
PG-13-UG-224556
PG-13-UG-068135
PG-13-UG-008381
PG-13-UG-612244
PG-13-UG-450667
PG-13-UG-303124
PG-13-UG-275410
PG-13-UG-561466
PG-13-UG-606356
PG-13-UG-166352
PG-13-UG-476613
PG-13-UG-523411
PG-13-UG-722364
PG-13-UG-248244
PG-13-UG-337304
PG-13-UG-732228
PG-13-UG-612461
PG-13-UG-215301
PG-13-UG-008647
PG-13-UG-142528
PG-13-UG-645450
PG-13-UG-374246
PG-13-UG-487067
PG-13-UG-024288
PG-13-UG-622855
PG-13-UG-534654
PG-13-UG-078165
PG-13-UG-458345
PG-13-UG-301500
PG-13-UG-630508
PG-13-UG-803126
PG-13-UG-320624
PG-13-UG-335625
PG-13-UG-023102
PG-13-UG-624358
PG-13-UG-371522
PG-13-UG-220003
PG-13-UG-631086
PG-13-UG-344382
PG-13-UG-310584
PG-13-UG-102445
PG-13-UG-854645
PG-13-UG-255871
PG-13-UG-031815
PG-13-UG-282565
PG-13-UG-483425
PG-13-UG-767836
PG-13-UG-857415
PG-13-UG-470068
PG-13-UG-442603
PG-13-UG-564388
PG-13-UG-401027
PG-13-UG-010474
PG-13-UG-841438
PG-13-UG-760280
PG-13-UG-252513
PG-13-UG-404882
PG-13-UG-155321
PG-13-UG-583513
PG-13-UG-543645
PG-13-UG-450835
PG-13-UG-356123
PG-13-UG-153888
PG-13-UG-015410
PG-13-UG-717173
PG-13-UG-386612
PG-13-UG-367436
PG-13-UG-078712
PG-13-UG-582172
PG-13-UG-851808
PG-13-UG-454710
PG-13-UG-336206
PG-13-UG-632661
PG-13-UG-608576
PG-13-UG-412273
PG-13-UG-605584
PG-13-UG-405702
PG-13-UG-175304
PG-13-UG-766284
PG-13-UG-101580
PG-13-UG-733521
PG-13-UG-804107
PG-13-UG-451827
PG-13-UG-663481
PG-13-UG-638114
PG-13-UG-420074
PG-13-UG-257737
PG-13-UG-457467
PG-13-UG-762687
PG-13-UG-588861
PG-13-UG-046024
PG-13-UG-178427
PG-13-UG-664742
PG-13-UG-567617
PG-13-UG-858700
PG-13-UG-748680
PG-13-UG-252276
PG-13-UG-780680
PG-13-UG-474888
PG-13-UG-304415
PG-13-UG-157028
PG-13-UG-058454
PG-13-UG-861587
PG-13-UG-431355
PG-13-UG-664818
PG-13-UG-485735
PG-13-UG-611130
PG-13-UG-845224
PG-13-UG-245518
PG-13-UG-436871
PG-13-UG-252367
PG-13-UG-623107
PG-13-UG-005420
PG-13-UG-636753
PG-13-UG-814540
PG-13-UG-235743
PG-13-UG-658552
PG-13-UG-832861
PG-13-UG-315221
PG-13-UG-164617
PG-11-UG-065300
PG-11-UG-788344
PG-11-UG-724275
PG-11-UG-585731
PG-12-UG-766514
PG-11-UG-433060
PG-13-UG-220805
PG-12-UG-276818
PG-12-UG-683852
PG-12-UG-808026
PG-12-UG-603810
PG-12-UG-267016
PG-12-UG-635028
PG-12-UG-614465
PG-12-UG-433884
PG-12-UG-376184
PG-11-UG-885182
PG-11-UG-446317
PG-11-UG-040711
PG-11-UG-234418
PG-11-UG-435423
PG-11-UG-454176
PG-11-UG-172075
PG-12-UG-822515
PG-12-UG-475051
PG-12-UG-843523
PG-12-UG-808178
PG-12-UG-114083
PG-12-UG-116134
PG-12-UG-763783
PG-12-UG-820420
PG-12-UG-208352
PG-12-UG-571203
PG-12-UG-640007
PG-12-UG-870441
PG-12-UG-205346
PG-12-UG-608740
PG-13-UG-626520
PG-13-UG-455076
PG-13-UG-730458
PG-14-UG-102138
PG-14-UG-636836
PG-14-UG-848001
PG-14-UG-434710
PG-14-UG-016048
PG-14-UG-573822
PG-14-UG-156024
PG-14-UG-128241
PG-14-UG-145365
PG-14-UG-035620
PG-14-UG-758171
PG-14-UG-604412
PG-14-UG-680632
PG-14-UG-100886
PG-14-UG-807226
PG-14-UG-358321
PG-14-UG-536375
PG-14-UG-121078
PG-14-UG-623420
PG-14-UG-202842
PG-14-UG-771773
PG-14-UG-640748
PG-14-UG-447848
PG-14-UG-884124
PG-14-UG-386550
PG-14-UG-261004
PG-14-UG-374871
PG-14-UG-467335
PG-14-UG-680146
PG-14-UG-315814
PG-14-UG-138357
PG-14-UG-784803
PG-14-UG-206638
PG-14-UG-784558
PG-14-UG-365625
PG-14-UG-423615
PG-14-UG-857663
PG-14-UG-470287
PG-14-UG-745040
PG-14-UG-121580
PG-14-UG-516067
PG-14-UG-756865
PG-14-UG-115004
PG-14-UG-525812
PG-14-UG-587185
PG-14-UG-628117
PG-14-UG-578043
PG-14-UG-828721
PG-14-UG-563668
PG-14-UG-543863
PG-14-UG-472756
PG-14-UG-727204
PG-14-UG-487028
PG-14-UG-253238
PG-14-UG-536413
PG-15-UG-426280
PG-15-UG-656566
PG-15-UG-012084
PG-15-UG-260632
PG-15-UG-070717
PG-15-UG-400344
PG-15-UG-542783
PG-15-UG-817627
PG-15-UG-025253
PG-15-UG-844857
PG-14-UG-355688
PG-14-UG-806165
PG-14-UG-333801
PG-15-UG-545364
PG-15-UG-406714
PG-15-UG-103346
PG-15-UG-704658
PG-15-UG-667772
PG-15-UG-663788
PG-15-UG-140526
PG-15-UG-206168
PG-15-UG-320254
PG-15-UG-287534
PG-15-UG-785826
PG-15-UG-212568
PG-15-UG-815315
PG-15-UG-256576
PG-15-UG-860443
PG-15-UG-243328
PG-15-UG-477158
PG-15-UG-125383
PG-15-UG-530220
PG-15-UG-486570
PG-15-UG-600155
PG-15-UG-860344
PG-15-UG-242506
PG-15-UG-015762
PG-15-UG-062702
PG-15-UG-030614
PG-15-UG-412354
PG-15-UG-634776
PG-15-UG-855330
PG-15-UG-644413
PG-15-UG-587487
PG-15-UG-413452
PG-15-UG-708682
PG-15-UG-820465
PG-15-UG-667635
PG-15-UG-832035
PG-15-UG-877114
PG-15-UG-803444
PG-15-UG-611286
PG-15-UG-221810
PG-15-UG-417324
PG-15-UG-332020
PG-15-UG-884824
PG-15-UG-671624
PG-15-UG-430233
PG-15-UG-186343
PG-15-UG-474475
PG-15-UG-608113
PG-15-UG-516848
PG-15-UG-216467
PG-15-UG-785624
PG-15-UG-048771
PG-11-UG-807768
PG-11-UG-430063
PG-11-UG-300427
PG-11-UG-718382
PG-11-UG-232756
PG-11-UG-005050
PG-11-UG-101086
PG-11-UG-803436
PG-11-UG-411600
PG-11-UG-531745
PG-11-UG-178717
PG-11-UG-470381
PG-11-UG-710535
PG-11-UG-665402
PG-11-UG-287414
PG-11-UG-251876
PG-11-UG-087853
PG-11-UG-176613
PG-11-UG-574333
PG-11-UG-575288
PG-11-UG-883616
PG-11-UG-113162
PG-11-UG-348055
PG-11-UG-633776
PG-11-UG-172706
PG-11-UG-184086
PG-11-UG-238084
PG-11-UG-838484
PG-11-UG-682168
PG-11-UG-568022
PG-11-UG-413367
PG-11-UG-381883
PG-11-UG-263785
PG-11-UG-565786
PG-11-UG-133010
PG-11-UG-717537
PG-11-UG-062630
PG-11-UG-803532
PG-11-UG-264066
PG-11-UG-536585
PG-11-UG-704332
PG-11-UG-700487
PG-11-UG-357481
PG-11-UG-177103
PG-11-UG-628274
PG-11-UG-586850
PG-11-UG-571865
PG-11-UG-711237
PG-11-UG-732551
PG-10-UG-257665
PG-10-UG-538486
PG-10-UG-462156
PG-10-UG-714646
PG-10-UG-052187
PG-10-UG-177728
PG-10-UG-661624
PG-10-UG-541440
PG-10-UG-128884
PG-10-UG-068275
PG-10-UG-883310
PG-10-UG-684362
PG-10-UG-350816
PG-10-UG-335100
PG-10-UG-234284
PG-10-UG-067067
PG-10-UG-866844
PG-10-UG-650372
PG-10-UG-156835
PG-10-UG-072562
PG-10-UG-458161
PG-10-UG-440604
PG-10-UG-716528
PG-10-UG-653145
PG-10-UG-732012
PG-11-UG-481608
PG-10-UG-714687
PG-10-UG-433638
PG-10-UG-673080
PG-10-UG-013337
PG-10-UG-733275
PG-10-UG-806233
PG-10-UG-312211
PG-10-UG-300487
PG-10-UG-272174
PG-10-UG-640726
PG-10-UG-471432
PG-10-UG-584351
PG-10-UG-427872
PG-10-UG-744670
PG-10-UG-236643
PG-10-UG-243855
PG-10-UG-035571
PG-10-UG-875730
PG-10-UG-671560
PG-10-UG-711083
PG-10-UG-325168
PG-10-UG-561660
PG-10-UG-845068
PG-10-UG-566870
PG-10-UG-728732
PG-10-UG-552426
PG-10-UG-087285
PG-10-UG-622408
PG-10-UG-008337
PG-10-UG-384505
PG-10-UG-771470
PG-10-UG-322624
PG-10-UG-715572
PG-10-UG-700170
PG-10-UG-384776
PG-10-UG-771534
PG-10-UG-666114
PG-10-UG-767408
PG-10-UG-711532
PG-10-UG-151328
PG-10-UG-051212
PG-10-UG-646620
PG-10-UG-417753
PG-10-UG-042082
PG-10-UG-860830
PG-10-UG-617357
PG-10-UG-533845
PG-10-UG-610860
PG-10-UG-460284
PG-10-UG-420546
PG-10-UG-374303
PG-10-UG-378868
PG-10-UG-551102
PG-10-UG-634674
PG-10-UG-556318
PG-10-UG-220657
PG-10-UG-672747
PG-10-UG-283447
PG-10-UG-635133
PG-10-UG-125544
PG-10-UG-085583
PG-10-UG-883883
PG-10-UG-076500
PG-10-UG-511283
PG-10-UG-272502
PG-11-UG-841638
PG-11-UG-024824
PG-11-UG-564343
PG-11-UG-681108
PG-11-UG-102078
PG-11-UG-340564
PG-11-UG-424608
PG-11-UG-516468
PG-11-UG-716380
PG-11-UG-400623
PG-11-UG-048016
PG-11-UG-764046
PG-11-UG-873273
PG-11-UG-735074
PG-11-UG-642110
PG-11-UG-467462
PG-11-UG-282323
PG-11-UG-380178
PG-11-UG-251101
PG-11-UG-451421
PG-11-UG-281511
PG-11-UG-508845
PG-11-UG-002858
PG-11-UG-630228
PG-11-UG-385752
PG-11-UG-043274
PG-11-UG-764818
PG-11-UG-870448
PG-11-UG-846604
PG-11-UG-461568
PG-11-UG-858808
PG-11-UG-701251
PG-11-UG-087016
PG-11-UG-320573
PG-11-UG-237321
PG-11-UG-653042
PG-11-UG-272156
PG-11-UG-080257
PG-11-UG-138383
PG-11-UG-340884
PG-11-UG-872500
PG-11-UG-543326
PG-11-UG-610216
PG-11-UG-326033
PG-11-UG-351072
PG-11-UG-708116
PG-10-UG-300315
PG-10-UG-072171
PG-10-UG-613508
PG-11-UG-532812
PG-10-UG-575302
PG-11-UG-068445
PG-10-UG-470866
PG-10-UG-103577
PG-10-UG-185630
PG-10-UG-366154
PG-10-UG-452176
PG-10-UG-538326
PG-11-UG-876312
PG-10-UG-434166
PG-10-UG-386125
PG-11-UG-113283
PG-11-UG-788238
PG-11-UG-650447
PG-11-UG-441330
PG-11-UG-327437
PG-10-UG-836785
PG-10-UG-128037
PG-10-UG-864485
PG-10-UG-686174
PG-10-UG-168607
PG-10-UG-268784
PG-10-UG-828344
PG-10-UG-446536
PG-10-UG-474785
PG-10-UG-581635
PG-11-UG-846276
PG-11-UG-247801
PG-16-UG-062823
PG-16-UG-713254
PG-18-UG-080587
PG-17-UG-312380
PG-15-UG-543688
PG-15-UG-223008
PG-17-UG-341086
PG-16-UG-048337
PG-18-UG-304605
PG-17-UG-617165
PG-18-UG-822320
PG-16-UG-453460
PG-17-UG-168411
PG-17-UG-385266
PG-18-UG-751802
PG-18-UG-515223
PG-16-UG-882800
PG-17-UG-112267
PG-17-UG-266273
PG-17-UG-023442
PG-16-UG-217326
PG-18-UG-431622
PG-18-UG-081035
PG-15-UG-875601
PG-15-UG-436036
PG-16-UG-785837
PG-15-UG-626003
PG-15-UG-053233
PG-15-UG-265470
PG-15-UG-080621
PG-15-UG-782213
PG-16-UG-368051
PG-16-UG-714710
PG-16-UG-566784
PG-17-UG-571240
PG-15-UG-552367
PG-15-UG-124050
PG-15-UG-004036
PG-16-UG-225217
PG-16-UG-360647
PG-16-UG-132113
PG-16-UG-573618
PG-16-UG-801232
PG-17-UG-114726
PG-17-UG-454707
PG-17-UG-582300
PG-17-UG-431385
PG-17-UG-378480
PG-18-UG-567888
PG-18-UG-548786
PG-18-UG-763112
PG-16-UG-644173
PG-16-UG-735222
PG-16-UG-816601
PG-16-UG-211401
PG-18-UG-312214
PG-15-UG-713452
PG-16-UG-480724
PG-17-UG-551112
PG-15-UG-586683
PG-15-UG-662637
PG-16-UG-846537
PG-16-UG-206500
PG-16-UG-015675
PG-18-UG-767613
PG-17-UG-301780
PG-16-UG-225464
PG-17-UG-211243
PG-17-UG-445576
PG-17-UG-340342
PG-16-UG-357604
PG-15-UG-431663
PG-15-UG-384070
PG-15-UG-166073
PG-15-UG-836285
PG-15-UG-117228
PG-18-UG-644540
PG-15-UG-352548
PG-15-UG-625171
PG-17-UG-313040
PG-19-UG-375630
PG-17-UG-354010
PG-16-UG-354330
PG-16-UG-735874
PG-16-UG-144273
PG-15-UG-347714
PG-15-UG-401671
PG-17-UG-872828
PG-15-UG-828461
PG-15-UG-655256
PG-15-UG-251522
PG-15-UG-388732
PG-16-UG-156243
PG-17-UG-338700
PG-16-UG-431347
PG-16-UG-520376
PG-16-UG-004837
PG-16-UG-245848
PG-17-UG-732343
PG-17-UG-052855
PG-17-UG-325024
PG-17-UG-167706
PG-17-UG-114160
PG-18-UG-072408
PG-18-UG-750027
PG-18-UG-154635
PG-18-UG-614457
PG-17-UG-158058
PG-16-UG-643671
PG-17-UG-828773
PG-16-UG-658524
PG-16-UG-048777
PG-16-UG-411518
PG-18-UG-761374
PG-16-UG-262836
PG-16-UG-370054
PG-16-UG-522774
PG-17-UG-174464
PG-17-UG-881581
PG-15-UG-264062
PG-16-UG-012588
PG-18-UG-247138
PG-15-UG-527763
PG-16-UG-225210
PG-18-UG-114278
PG-15-UG-080202
PG-16-UG-400582
PG-16-UG-388412
PG-17-UG-682568
PG-16-UG-027012
PG-15-UG-362028
PG-17-UG-518485
PG-15-UG-700433
PG-16-UG-224874
PG-18-UG-218864
PG-16-UG-370232
PG-16-UG-632407
PG-15-UG-314816
PG-16-UG-836788
PG-16-UG-341222
PG-18-UG-443742
PG-15-UG-285677
PG-15-UG-360275
PG-17-UG-284802
PG-17-UG-028627
PG-16-UG-760657
PG-16-UG-427613
PG-16-UG-662124
PG-17-UG-418423
PG-16-UG-461781
PG-16-UG-065178
PG-16-UG-554345
PG-18-UG-122816
PG-16-UG-182380
PG-16-UG-215450
PG-16-UG-403157
PG-16-UG-652073
PG-17-UG-338046
PG-17-UG-562274
PG-17-UG-630520
PG-17-UG-642326
PG-17-UG-708131
PG-17-UG-437346
PG-18-UG-001575
PG-18-UG-858588
PG-18-UG-010886
PG-17-UG-834517
PG-17-UG-851838
PG-17-UG-513072
PG-18-UG-885327
PG-16-UG-428578
PG-16-UG-831484
PG-16-UG-570303
PG-17-UG-125220
PG-17-UG-707515
PG-16-UG-441785
PG-16-UG-884021
PG-16-UG-715308
PG-18-UG-318821
PG-15-UG-642725
PG-16-UG-044326
PG-18-UG-716852
PG-15-UG-774008
PG-16-UG-021627
PG-17-UG-860125
PG-15-UG-746014
PG-16-UG-822344
PG-16-UG-153272
PG-15-UG-816888
PG-15-UG-540040
PG-17-UG-670850
PG-15-UG-818722
PG-17-UG-871235
PG-16-UG-674176
PG-15-UG-318081
PG-17-UG-558707
PG-15-UG-870875
PG-16-UG-464325
PG-16-UG-432860
PG-16-UG-753502
PG-16-UG-170483
PG-15-UG-248114
PG-15-UG-410531
PG-15-UG-343100
PG-16-UG-438383
PG-18-UG-070350
PG-16-UG-254564
PG-16-UG-260366
PG-16-UG-302638
PG-16-UG-570488
PG-16-UG-567318
PG-16-UG-074283
PG-17-UG-462411
PG-17-UG-408634
PG-17-UG-182881
PG-17-UG-072805
PG-17-UG-205353
PG-17-UG-442802
PG-17-UG-565440
PG-17-UG-420627
PG-18-UG-110633
PG-18-UG-250023
PG-15-UG-805623
PG-15-UG-215287
PG-17-UG-281756
PG-15-UG-765031
PG-16-UG-176425
PG-16-UG-551158
PG-15-UG-758111
PG-15-UG-025774
PG-17-UG-165054
PG-18-UG-637737
PG-17-UG-360587
PG-17-UG-362356
PG-18-UG-524601
PG-16-UG-255857
PG-18-UG-340686
PG-17-UG-008604
PG-15-UG-335566
PG-16-UG-801002
PG-15-UG-285310
PG-18-UG-881625
PG-18-UG-526441
PG-18-UG-027174
PG-15-UG-502174
PG-17-UG-744541
PG-16-UG-386780
PG-18-UG-424822
PG-18-UG-887224
PG-17-UG-168631
PG-17-UG-183340
PG-16-UG-640282
PG-16-UG-485370
PG-18-UG-016620
PG-16-UG-467131
PG-15-UG-540431
PG-15-UG-332662
PG-16-UG-052612
PG-16-UG-348375
PG-16-UG-665486
PG-16-UG-788475
PG-16-UG-826764
PG-16-UG-747645
PG-17-UG-458136
PG-17-UG-218423
PG-17-UG-342176
PG-17-UG-175257
PG-19-UG-401206
PG-17-UG-470810
PG-17-UG-861537
PG-17-UG-725581
PG-17-UG-220588
PG-17-UG-778348
PG-17-UG-540108
PG-17-UG-515352
PG-18-UG-135214
PG-18-UG-861388
PG-16-UG-676374
PG-15-UG-640344
PG-16-UG-328063
PG-15-UG-377151
PG-18-UG-344080
PG-18-UG-631210
PG-16-UG-530747
PG-17-UG-210433
PG-17-UG-576005
PG-18-UG-625110
PG-16-UG-167571
PG-16-UG-522086
PG-17-UG-183560
PG-15-UG-700074
PG-17-UG-187055
PG-15-UG-250264
PG-18-UG-080686
PG-15-UG-251506
PG-16-UG-824605
PG-16-UG-232631
PG-17-UG-062636
PG-17-UG-364485
PG-17-UG-848476
PG-16-UG-268582
PG-16-UG-823748
PG-18-UG-670381
PG-17-UG-777572
PG-16-UG-171431
PG-15-UG-826085
PG-15-UG-212846
PG-17-UG-774153
PG-16-UG-363822
PG-17-UG-134772
PG-15-UG-630876
PG-15-UG-254501
PG-15-UG-050712
PG-15-UG-428280
PG-17-UG-255376
PG-16-UG-455568
PG-16-UG-217581
PG-16-UG-084374
PG-16-UG-626633
PG-18-UG-066827
PG-18-UG-620650
PG-16-UG-376044
PG-16-UG-731143
PG-16-UG-437853
PG-16-UG-365831
PG-16-UG-128350
PG-17-UG-166745
PG-17-UG-765450
PG-17-UG-540171
PG-17-UG-726335
PG-17-UG-678002
PG-17-UG-385201
PG-17-UG-575167
PG-17-UG-133080
PG-17-UG-558713
PG-17-UG-224273
PG-18-UG-883085
PG-18-UG-758502
PG-18-UG-234127
PG-15-UG-114635
PG-15-UG-657834
PG-16-UG-752604
PG-15-UG-554653
PG-17-UG-436226
PG-17-UG-755446
PG-15-UG-167882
PG-16-UG-388007
PG-16-UG-605818
PG-16-UG-570531
PG-16-UG-585604
PG-16-UG-428503
PG-18-UG-344552
PG-15-UG-142660
PG-16-UG-486674
PG-16-UG-030158
PG-16-UG-844378
PG-18-UG-281352
PG-17-UG-111418
PG-16-UG-433756
PG-16-UG-318840
PG-18-UG-777170
PG-18-UG-143606
PG-18-UG-425865
PG-15-UG-860362
PG-16-UG-280807
PG-17-UG-117143
PG-17-UG-255270
PG-16-UG-820447
PG-18-UG-807688
PG-16-UG-746434
PG-15-UG-451388
PG-16-UG-783386
PG-16-UG-746472
PG-16-UG-244160
PG-16-UG-844535
PG-16-UG-127134
PG-17-UG-617871
PG-17-UG-516684
PG-17-UG-713120
PG-17-UG-180823
PG-15-UG-000140
PG-15-UG-408240
PG-15-UG-527454
PG-17-UG-130803
PG-15-UG-266575
PG-17-UG-350442
PG-16-UG-085371
PG-16-UG-350550
PG-16-UG-688246
PG-16-UG-557832
PG-16-UG-563635
PG-16-UG-764304
PG-16-UG-020666
PG-16-UG-247272
PG-16-UG-456767
PG-16-UG-885513
PG-18-UG-134232
PG-16-UG-654600
PG-17-UG-554513
PG-17-UG-780444
PG-17-UG-257426
PG-17-UG-752222
PG-17-UG-112468
PG-18-UG-065381
PG-18-UG-253407
PG-18-UG-710216
PG-18-UG-137622
PG-16-UG-225367
PG-18-UG-282213
PG-17-UG-171806
PG-17-UG-583602
PG-16-UG-825513
PG-15-UG-267082
PG-16-UG-644503
PG-17-UG-001600
PG-16-UG-011137
PG-16-UG-124632
PG-18-UG-207421
PG-18-UG-013624
PG-16-UG-323558
PG-16-UG-446787
PG-16-UG-375862
PG-15-UG-372402
PG-16-UG-023104
PG-16-UG-273230
PG-15-UG-133101
PG-17-UG-615321
PG-17-UG-651473
PG-17-UG-008811
PG-16-UG-776764
PG-18-UG-475736
PG-16-UG-772808
PG-16-UG-625043
PG-17-UG-634652
PG-16-UG-863560
PG-16-UG-771626
PG-16-UG-067438
PG-16-UG-482224
PG-15-UG-816118
PG-15-UG-735121
PG-17-UG-288135
PG-15-UG-110660
PG-15-UG-782151
PG-15-UG-133503
PG-16-UG-242866
PG-16-UG-141642
PG-16-UG-347428
PG-16-UG-724180
PG-16-UG-825200
PG-16-UG-228077
PG-18-UG-514586
PG-16-UG-140825
PG-17-UG-738844
PG-17-UG-245276
PG-17-UG-073755
PG-17-UG-284523
PG-17-UG-035411
PG-17-UG-834008
PG-18-UG-044488
PG-18-UG-218022
PG-18-UG-705578
PG-16-UG-657282
PG-16-UG-571153
PG-16-UG-147012
PG-15-UG-021680
PG-18-UG-535177
PG-15-UG-132514
PG-17-UG-554168
PG-17-UG-076045
PG-16-UG-224545
PG-15-UG-633588
PG-15-UG-377843
PG-16-UG-818210
PG-17-UG-655210
PG-17-UG-737867
PG-16-UG-653653
PG-16-UG-134611
PG-16-UG-028415
PG-15-UG-538818
PG-16-UG-000452
PG-17-UG-548807
PG-16-UG-253621
PG-15-UG-055484
PG-17-UG-503648
PG-16-UG-868374
PG-17-UG-002557
PG-17-UG-687554
PG-15-UG-320583
PG-16-UG-023015
PG-15-UG-354768
PG-16-UG-450544
PG-18-UG-160147
PG-18-UG-372100
PG-16-UG-157324
PG-17-UG-876660
PG-17-UG-720386
PG-15-UG-381613
PG-15-UG-535727
PG-17-UG-486047
PG-16-UG-302718
PG-16-UG-728243
PG-16-UG-043431
PG-17-UG-260357
PG-16-UG-505286
PG-16-UG-523722
PG-16-UG-876352
PG-16-UG-052265
PG-16-UG-257563
PG-16-UG-286855
PG-17-UG-474762
PG-17-UG-321323
PG-17-UG-276735
PG-17-UG-258678
PG-17-UG-743727
PG-18-UG-221717
PG-18-UG-016347
PG-18-UG-633874
PG-15-UG-151284
PG-15-UG-214426
PG-15-UG-175328
PG-16-UG-026733
PG-16-UG-224735
PG-15-UG-261335
PG-15-UG-052302
PG-15-UG-641270
PG-18-UG-663728
PG-18-UG-580653
PG-15-UG-230465
PG-18-UG-270864
PG-18-UG-763571
PG-16-UG-851463
PG-16-UG-321545
PG-18-UG-000858
PG-16-UG-286852
PG-17-UG-456366
PG-16-UG-750642
PG-18-UG-735013
PG-18-UG-761713
PG-15-UG-278467
PG-16-UG-466032
PG-16-UG-716826
PG-17-UG-312782
PG-15-UG-350308
PG-18-UG-272115
PG-15-UG-638021
PG-15-UG-652151
PG-15-UG-037165
PG-18-UG-750227
PG-15-UG-011632
PG-16-UG-343464
PG-15-UG-323574
PG-16-UG-802014
PG-16-UG-027030
PG-16-UG-058230
PG-16-UG-785534
PG-18-UG-030162
PG-15-UG-227626
PG-15-UG-477328
PG-16-UG-240202
PG-16-UG-072825
PG-16-UG-146304
PG-16-UG-130137
PG-16-UG-740521
PG-16-UG-415045
PG-16-UG-728062
PG-16-UG-427501
PG-17-UG-235037
PG-17-UG-664163
PG-17-UG-838220
PG-17-UG-216287
PG-17-UG-466863
PG-17-UG-345014
PG-17-UG-411510
PG-18-UG-541821
PG-18-UG-583511
PG-18-UG-851844
PG-18-UG-784684
PG-18-UG-211287
PG-18-UG-832638
PG-16-UG-310687
PG-17-UG-140710
PG-15-UG-886244
PG-15-UG-622315
PG-15-UG-805113
PG-15-UG-128628
PG-17-UG-542281
PG-15-UG-116632
PG-16-UG-612264
PG-17-UG-041520
PG-15-UG-272703
PG-17-UG-524131
PG-15-UG-482834
PG-15-UG-668080
PG-17-UG-666078
PG-18-UG-163235
PG-17-UG-015261
PG-17-UG-436781
PG-16-UG-526118
PG-15-UG-468360
PG-15-UG-028132
PG-15-UG-112010
PG-15-UG-775577
PG-15-UG-681213
PG-15-UG-133821
PG-16-UG-762232
PG-18-UG-444164
PG-15-UG-314546
PG-17-UG-776757
PG-15-UG-243160
PG-17-UG-304764
PG-17-UG-254160
PG-15-UG-837231
PG-17-UG-445000
PG-15-UG-425234
PG-15-UG-568718
PG-15-UG-534163
PG-15-UG-784244
PG-17-UG-436274
PG-16-UG-563518
PG-15-UG-771711
PG-15-UG-047681
PG-15-UG-201745
PG-15-UG-510067
PG-17-UG-454620
PG-15-UG-732111
PG-17-UG-334443
PG-15-UG-161606
PG-16-UG-871453
PG-16-UG-453650
PG-18-UG-643168
PG-15-UG-006322
PG-17-UG-017833
PG-16-UG-476370
PG-15-UG-151432
PG-15-UG-120251
PG-15-UG-036074
PG-15-UG-724201
PG-15-UG-807251
PG-15-UG-256821
PG-15-UG-285504
PG-15-UG-234182
PG-17-UG-545376
PG-15-UG-741065
PG-17-UG-464414
PG-18-UG-478211
PG-17-UG-124452
PG-15-UG-272580
PG-15-UG-087233
PG-18-UG-118106
PG-17-UG-610758
PG-15-UG-162821
PG-17-UG-726222
PG-15-UG-850545
PG-17-UG-245080
PG-17-UG-675823
PG-15-UG-267418
PG-15-UG-151028
PG-15-UG-427172
PG-15-UG-336364
PG-15-UG-132312
PG-15-UG-188108
PG-15-UG-574155
PG-15-UG-007215
PG-17-UG-617800
PG-17-UG-768557
PG-17-UG-201365
PG-15-UG-881881
PG-15-UG-236853
PG-15-UG-768563
PG-15-UG-820632
PG-15-UG-028151
PG-17-UG-383088
PG-16-UG-478301
PG-18-UG-782110
PG-15-UG-853200
PG-17-UG-182211
PG-15-UG-330116
PG-17-UG-725147
PG-16-UG-482500
PG-16-UG-442067
PG-15-UG-220311
PG-17-UG-518410
PG-17-UG-614053
PG-15-UG-065352
PG-15-UG-241302
PG-15-UG-542782
PG-15-UG-244180
PG-15-UG-640267
PG-15-UG-874241
PG-17-UG-201240
PG-15-UG-128380
PG-15-UG-822237
PG-15-UG-706264
PG-15-UG-481112
PG-15-UG-282347
PG-16-UG-417452
PG-17-UG-174351
PG-15-UG-418341
PG-15-UG-150653
PG-15-UG-710706
PG-15-UG-860061
PG-15-UG-562688
PG-15-UG-738731
PG-15-UG-480305
PG-16-UG-482453
PG-17-UG-378607
PG-15-UG-851555
PG-15-UG-102272
PG-15-UG-168607
PG-15-UG-815163
PG-15-UG-536865
PG-15-UG-161727
PG-17-UG-370220
PG-17-UG-250368
PG-15-UG-116602
PG-15-UG-255570
PG-15-UG-402675
PG-15-UG-474263
PG-15-UG-443215
PG-15-UG-613605
PG-15-UG-222586
PG-15-UG-307022
PG-15-UG-083047
PG-15-UG-023436
PG-17-UG-385802
PG-15-UG-062644
PG-15-UG-367850
PG-15-UG-372468
PG-15-UG-858414
PG-15-UG-136227
PG-15-UG-485020
PG-16-UG-178806
PG-17-UG-577625
PG-17-UG-365510
PG-18-UG-451621
PG-15-UG-031817
PG-16-UG-067110
PG-15-UG-762012
PG-15-UG-554535
PG-15-UG-144705
PG-17-UG-585012
PG-17-UG-820711
PG-15-UG-451876
PG-15-UG-205312
PG-17-UG-065077
PG-15-UG-020144
PG-17-UG-138564
PG-16-UG-641044
PG-15-UG-776166
PG-15-UG-035075
PG-17-UG-302036
PG-15-UG-252515
PG-15-UG-164365
PG-15-UG-167004
PG-17-UG-208466